{"USD_EUR":0.85888517,"USD_UAH":25.785,"USD_RUB":59.9145,"USD_BYN":1.9301,"USD_BTC":0.00036131,"EUR_USD":1.1642999960052867,"EUR_UAH":30.021475396996316,"EUR_RUB":69.75845211065874,"EUR_BYN":2.2472154222898038,"EUR_BTC":0.0004206732315566702,"UAH_USD":0.03878223773511732,"UAH_EUR":0.03330948885010665,"UAH_RUB":2.3236183827806864,"UAH_BYN":0.07485359705254993,"UAH_BTC":0.000014012410316075239,"RUB_USD":0.016690450558712832,"RUB_EUR":0.014335180465496665,"RUB_UAH":0.43036326765641036,"RUB_BYN":0.03221423862337164,"RUB_BTC":0.000006030426691368534,"BYN_USD":0.5181078700585462,"BYN_EUR":0.44499516605357237,"BYN_UAH":13.359411429459614,"BYN_RUB":31.042173980622763,"BYN_BTC":0.00018719755453085334,"BTC_USD":2767.706401704907,"BTC_EUR":2377.141983338407,"BTC_UAH":71365.30956796103,"BTC_RUB":165825.74520494865,"BTC_BYN":5341.950125930641}
