{"USD_EUR":0.94348523,"USD_UAH":27.56,"USD_RUB":59.4315,"USD_BYN":1.94,"EUR_USD":1.0599,"EUR_UAH":29.5989,"EUR_RUB":63.405,"EUR_BYN":2.0807,"UAH_USD":0.03628447,"UAH_EUR":0.03378504,"UAH_RUB":2.155,"UAH_BYN":0.0703918,"RUB_USD":0.01682609,"RUB_EUR":0.01577163,"RUB_UAH":0.46403712,"RUB_BYN":0.03267312,"BYN_USD":0.51546392,"BYN_EUR":0.48060749,"BYN_UAH":14.2062,"BYN_RUB":30.6062}
